{
  "train": {
    "rmse": 51.01526172872547,
    "mae": 26.27775422726693,
    "r2": 0.999083159735956,
    "mape": 22.416211985387726
  },
  "test": {
    "rmse": 191.05132382920792,
    "mae": 52.637611072552126,
    "r2": 0.9782744473198214,
    "mape": 37.763260007587
  }
}