{
  "train": {
    "rmse": 136.97675753054315,
    "mae": 83.89523784365431,
    "r2": 0.9933902169905797,
    "mape": 79.77739243580996
  },
  "test": {
    "rmse": 387.546676701998,
    "mae": 153.41766340704322,
    "r2": 0.9106038604441937,
    "mape": 141.93912417490537
  }
}