{
  "model": "V6_Pure_External",
  "n_splits": 5,
  "feature_count": 75,
  "mean_rmse": 425.70631787206366,
  "std_rmse": 60.5732691698599,
  "mean_mae": 222.5554058587186,
  "std_mae": 38.62311773082693,
  "mean_r2": 0.9293017896090152,
  "std_r2": 0.019182793515153652,
  "feature_groups": {
    "시간": 35,
    "위치": 4,
    "날씨": 17,
    "이벤트": 13,
    "교차변수": 14,
    "기타": 10
  }
}