{
  "train": {
    "rmse": 441.4361292345492,
    "mae": 247.51121426902895,
    "r2": 0.9313517944458005,
    "mape": 197.59375732187846
  },
  "test": {
    "rmse": 1244.4864202583497,
    "mae": 633.3500090098972,
    "r2": 0.07816953948648353,
    "mape": 507.76727462335816
  }
}