{
  "LightGBM_Optuna": {
    "호선": 2317.0,
    "시간대": 2224.0,
    "순서": 8888.0,
    "환승역": 1487.0,
    "Hour": 246.0,
    "is_transfer_station": 114.0,
    "temperature": 729.0,
    "rainfall": 106.0,
    "wind_speed": 711.0,
    "humidity": 879.0,
    "snowfall": 62.0,
    "discomfort_index": 525.0,
    "event_count": 1512.0,
    "is_event_nearby": 27.0,
    "Time_Sin": 1021.0,
    "Time_Cos": 663.0,
    "요일": 1686.0,
    "요일_Sin": 513.0,
    "요일_Cos": 345.0,
    "Is_Weekend": 6.0,
    "Month": 149.0,
    "월_Sin": 79.0,
    "월_Cos": 124.0,
    "DayOfMonth": 1036.0,
    "WeekOfYear": 336.0,
    "Quarter": 0.0,
    "Season": 67.0,
    "Is_RushHour": 146.0,
    "Is_LateNight": 21.0,
    "Is_Holiday": 886.0,
    "시간대_그룹": 1.0,
    "DayOfYear": 691.0,
    "DayOfYear_Sin": 720.0,
    "DayOfYear_Cos": 443.0,
    "Is_MorningRush": 74.0,
    "Is_EveningRush": 24.0,
    "Temp_Category": 1.0,
    "Humidity_Category": 14.0,
    "Is_Rain": 1.0,
    "Rain_Category": 0.0,
    "Is_Snow": 0.0,
    "Snow_Category": 0.0,
    "Weather_Group": 35.0,
    "Weather_Score": 961.0,
    "Feels_Like_Temp": 332.0,
    "DI_Category": 9.0,
    "Is_Cold": 0.0,
    "Is_Hot": 2.0,
    "Is_Freezing": 0.0,
    "Is_Extreme_Weather": 0.0,
    "Precipitation_Intensity": 27.0,
    "Wind_Category": 11.0,
    "Is_Windy": 0.0,
    "event_intensity": 68.0,
    "has_multiple_events": 4.0,
    "event_weekend": 95.0,
    "event_evening": 114.0,
    "event_rushhour": 142.0,
    "event_timing": 103.0,
    "event_ending": 24.0,
    "daily_event_count": 4.0,
    "Time_x_Weekday": 2522.0,
    "Hour_x_IsWeekend": 471.0,
    "Rain_x_RushHour": 33.0,
    "Rain_x_Weekend": 2.0,
    "Temp_x_RushHour": 468.0,
    "Snow_x_Weekend": 2.0,
    "Event_x_Weekend": 10.0,
    "Event_x_Evening": 12.0,
    "Transfer_x_RushHour": 290.0,
    "DI_x_RushHour": 433.0,
    "Season_x_Weekend": 248.0,
    "Holiday_x_Event": 132.0,
    "Extreme_x_RushHour": 1.0,
    "RainIntensity_x_RushHour": 36.0
  },
  "XGBoost_Optuna": {
    "호선": 0.017870789393782616,
    "시간대": 0.010023635812103748,
    "순서": 0.018061194568872452,
    "환승역": 0.007446706760674715,
    "Hour": 0.000970295921433717,
    "is_transfer_station": 0.006985381245613098,
    "temperature": 0.0001627500168979168,
    "rainfall": 0.00013025572116021067,
    "wind_speed": 0.00010521554213482887,
    "humidity": 0.00015136849833652377,
    "snowfall": 0.00015038491983432323,
    "discomfort_index": 0.0001461584324715659,
    "event_count": 0.0041287802159786224,
    "is_event_nearby": 0.0012363370042294264,
    "Time_Sin": 0.034256771206855774,
    "Time_Cos": 0.00423449045047164,
    "요일": 0.010172341950237751,
    "요일_Sin": 0.0011449267622083426,
    "요일_Cos": 0.000529768003616482,
    "Is_Weekend": 0.0,
    "Month": 0.00018941855523735285,
    "월_Sin": 0.00013644093996845186,
    "월_Cos": 0.00020170549396425486,
    "DayOfMonth": 0.0003393404185771942,
    "WeekOfYear": 0.0001710431679384783,
    "Quarter": 2.6394720407552086e-05,
    "Season": 0.0002436302456771955,
    "Is_RushHour": 0.026383349671959877,
    "Is_LateNight": 0.0002512155333533883,
    "Is_Holiday": 0.007363795302808285,
    "시간대_그룹": 0.0,
    "DayOfYear": 0.0002387434506090358,
    "DayOfYear_Sin": 0.0002940831473097205,
    "DayOfYear_Cos": 0.00036289996933192015,
    "Is_MorningRush": 0.7742583751678467,
    "Is_EveningRush": 0.0036816666834056377,
    "Temp_Category": 0.00013916399620939046,
    "Humidity_Category": 0.00015270154108293355,
    "Is_Rain": 0.00010309975914424285,
    "Rain_Category": 0.000118861353257671,
    "Is_Snow": 0.00012064895418006927,
    "Snow_Category": 0.0003649671853054315,
    "Weather_Group": 0.00010683781147236004,
    "Weather_Score": 0.0001766611385392025,
    "Feels_Like_Temp": 0.0001637511159060523,
    "DI_Category": 0.0001324221957474947,
    "Is_Cold": 0.0,
    "Is_Hot": 0.0,
    "Is_Freezing": 0.0,
    "Is_Extreme_Weather": 6.469860090874135e-05,
    "Precipitation_Intensity": 0.00011664171324810013,
    "Wind_Category": 0.00014958808606024832,
    "Is_Windy": 0.0,
    "event_intensity": 0.010172080248594284,
    "has_multiple_events": 0.0,
    "event_weekend": 0.0004978471552021801,
    "event_evening": 0.0039008234161883593,
    "event_rushhour": 0.004987580701708794,
    "event_timing": 0.003628017380833626,
    "event_ending": 0.01193442102521658,
    "daily_event_count": 0.0,
    "Time_x_Weekday": 0.004292159341275692,
    "Hour_x_IsWeekend": 0.0032664539758116007,
    "Rain_x_RushHour": 0.0002436435897834599,
    "Rain_x_Weekend": 0.00031763495644554496,
    "Temp_x_RushHour": 0.00032285062479786575,
    "Snow_x_Weekend": 0.00024667574325576425,
    "Event_x_Weekend": 0.00027549691731110215,
    "Event_x_Evening": 7.876083691371605e-05,
    "Transfer_x_RushHour": 0.019337568432092667,
    "DI_x_RushHour": 0.0011095763184130192,
    "Season_x_Weekend": 0.0005280842888168991,
    "Holiday_x_Event": 0.000745522731449455,
    "Extreme_x_RushHour": 6.257055792957544e-05,
    "RainIntensity_x_RushHour": 9.254343603970483e-05
  },
  "CatBoost_Optuna": {
    "호선": 9.988428407559619,
    "시간대": 0.24265943824671798,
    "순서": 39.72321940202296,
    "환승역": 1.4394786488272917,
    "Hour": 0.20047607428801073,
    "is_transfer_station": 0.8474258589105995,
    "temperature": 0.038834961724107865,
    "rainfall": 0.0033906749625125117,
    "wind_speed": 0.030937998046710227,
    "humidity": 0.06723899738854267,
    "snowfall": 0.0014777435980064142,
    "discomfort_index": 0.03784049705573057,
    "event_count": 1.1623747905902975,
    "is_event_nearby": 0.02715775964194756,
    "Time_Sin": 11.135363133366457,
    "Time_Cos": 6.835556661853902,
    "요일": 0.27868455020678984,
    "요일_Sin": 0.8832020032568995,
    "요일_Cos": 0.06811931233325193,
    "Is_Weekend": 0.3823276757417521,
    "Month": 0.0032067061411706977,
    "월_Sin": 0.002380525603643512,
    "월_Cos": 0.009507375912999787,
    "DayOfMonth": 0.14876914545269168,
    "WeekOfYear": 0.004332112880287441,
    "Quarter": 9.213937939686128e-05,
    "Season": 0.0003119865316639704,
    "Is_RushHour": 2.6990603439697667,
    "Is_LateNight": 0.033555778802736365,
    "Is_Holiday": 1.7287232874124032,
    "시간대_그룹": 0.17023817884416081,
    "DayOfYear": 0.030856345081807554,
    "DayOfYear_Sin": 0.08479616581565222,
    "DayOfYear_Cos": 0.08193322446188278,
    "Is_MorningRush": 6.2324277310188,
    "Is_EveningRush": 0.08391282063630738,
    "Temp_Category": 0.0,
    "Humidity_Category": 0.0025771872470591443,
    "Is_Rain": 0.0009743533319560713,
    "Rain_Category": 0.0008564345472791138,
    "Is_Snow": 0.0,
    "Snow_Category": 0.0,
    "Weather_Group": 2.5244104482733772e-05,
    "Weather_Score": 0.07820194025458106,
    "Feels_Like_Temp": 0.023874745503431435,
    "DI_Category": 0.0,
    "Is_Cold": 0.0,
    "Is_Hot": 0.0,
    "Is_Freezing": 0.0,
    "Is_Extreme_Weather": 0.0,
    "Precipitation_Intensity": 0.0008682274411695752,
    "Wind_Category": 6.300201674978838e-05,
    "Is_Windy": 0.0,
    "event_intensity": 0.4098520877862547,
    "has_multiple_events": 0.008626100735567794,
    "event_weekend": 0.004725164442747915,
    "event_evening": 0.006985072729019632,
    "event_rushhour": 0.5435760112139161,
    "event_timing": 0.0415546887393354,
    "event_ending": 0.0015820424280471948,
    "daily_event_count": 0.27842298499247675,
    "Time_x_Weekday": 7.572531934149657,
    "Hour_x_IsWeekend": 4.484736027654653,
    "Rain_x_RushHour": 0.001697055532082088,
    "Rain_x_Weekend": 0.0012557644886842098,
    "Temp_x_RushHour": 0.04611501277390036,
    "Snow_x_Weekend": 0.0,
    "Event_x_Weekend": 0.013372628822114029,
    "Event_x_Evening": 0.05374544304768687,
    "Transfer_x_RushHour": 1.2242176560094198,
    "DI_x_RushHour": 0.43593251585675236,
    "Season_x_Weekend": 0.03879499767633024,
    "Holiday_x_Event": 0.009764540471897244,
    "Extreme_x_RushHour": 0.0,
    "RainIntensity_x_RushHour": 0.0067726784352499575
  }
}